<?xml version="1.0" encoding="UTF-8"?>

<project basedir="." name="sol_build">
    <description>
        Script for Assignment 3a-b
    </description>

    <import file="build.xml"/>

    <property name="lab3.location" location="."/>
    <property name="schema.dir" location="${lab3.location}/xsd"/>

    <property name="path.prefix_service" value="it/polito/dp2/NFFG/sol3/service"/>
    <property name="path.prefix_client1" value="it/polito/dp2/NFFG/sol3/client1"/>
    <property name="path.prefix_client2" value="it/polito/dp2/NFFG/sol3/client2"/>

    <!-- The location of the ... web service -->
    <property name="PORT" value="8080"/>

    <property name="URL_Neo4j" value="http://localhost:${PORT}/Neo4JXML/rest"/>
    <property name="URL_NffgService" value="http://localhost:${PORT}/NffgService/rest"/>

    <property name="WADL_Neo4J" value="${URL_Neo4j}/application.wadl"/>
    <property name="WADL_NffgService" value="${URL_NffgService}/application.wadl"/>

    <property name="gen.dir" value="src/it/polito/dp2/NFFG/sol3/service/models/Neo4jXML"/>

    <path id="classpath">
        <fileset dir="${lib.dir}">
            <include name="**/*.jar"/>
        </fileset>
    </path>

    <!-- my init -->
    <target name="sol-init_service" depends="sol-clean_service">
        <mkdir dir="src/it/polito/dp2/NFFG/sol3/service/models"/>
        <mkdir dir="src/it/polito/dp2/NFFG/sol3/service/models/NffgService"/>
        <mkdir dir="src/it/polito/dp2/NFFG/sol3/service/models/Neo4jXML"/>
    </target>

    <target name="sol-init_client" depends="sol-clean_client">
        <mkdir dir="src/it/polito/dp2/NFFG/sol3/client1/models"/>
        <mkdir dir="src/it/polito/dp2/NFFG/sol3/client1/models/NffgService"/>

        <mkdir dir="src/it/polito/dp2/NFFG/sol3/client2/models"/>
        <mkdir dir="src/it/polito/dp2/NFFG/sol3/client2/models/NffgService"/>
    </target>

    <!-- use a task of the library "org.jvnet.ws.wadl2java.WJCTask" creating a new task type named "wjc" -->
    <taskdef name="wjc" classname="org.jvnet.ws.wadl2java.WJCTask">
        <classpath>
            <!-- where can be find the library and the .jar file -->
            <fileset dir="${lib.dir}" includes="*.jar"/>
        </classpath>
    </taskdef>

    <!-- all necessary operations to build the web-server service (part 1) -->
    <target name="build-service" depends="sol-init_service">

        <!-- Create annotated classes from wadl from Neo4jXML -->
        <echo message=" --(1)--> Generating annotated classes from the wadl of Neo4jXML..."/>
        <wjc description="${WADL_Neo4J}"
             package="it.polito.dp2.NFFG.sol3.service.models.Neo4jXML"
             autoSchemaPackage="false"
             target="${src.dir}">
            <customizations dir="." includes="binding.xjc"/>
            <produces dir="${src.dir}/it/polito/dp2/NFFG/sol3/service/models/Neo4jXML" includes="*.java"/>
            <depends dir="." includes="build.xml"/>
        </wjc>
        <echo message=" --(1)--> Done"/>

        <!-- Create annotated classes from xsd schema: -->
        <echo message=" --(2)--> Generating annotated classes from the xsd schema..."/>
        <exec executable="xjc" failonerror="true">
            <arg value="-d"/>
            <arg value="${src.dir}"/>
            <arg value="-p"/>
            <arg value="it.polito.dp2.NFFG.sol3.service.models.NffgService"/>
            <arg value="${schema.dir}/nffgVerifier.xsd"/>
        </exec>
        <echo message=" --(2)--> Done"/>

        <!-- Build classes from java file -->
        <echo message=" --(3)--> Building java classes from java code..."/>
        <javac debug="on"
               fork="true"
               destdir="${build.dir}"
               srcdir="${src.dir}"
               includeantruntime="false"
               source="${source}"
               target="${target}">
            <include name="${path.prefix_service}/database/*.java"/>
            <include name="${path.prefix_service}/models/NffgService/*.java"/>
            <include name="${path.prefix_service}/models/Neo4jXML/*.java"/>
            <include name="${path.prefix_service}/resources/*.java"/>
            <include name="${path.prefix_service}/services/*.java"/>
            <classpath>
                <path refid="classpath"/>
            </classpath>
        </javac>
        <echo message=" --(3)--> Done"/>

        <!-- For JUNIT -->
        <echo message=" --(4)--> Building java classes from JUNIT..."/>
        <javac debug="on"
               fork="true"
               destdir="${build.dir}"
               srcdir="${src.dir}"
               includeantruntime="false"
               source="${source}"
               target="${target}">
            <include name="it/polito/dp2/NFFG/lab3/*.java"/>
            <include name="it/polito/dp2/NFFG/lab3/tests/*.java"/>
            <classpath>
                <path refid="classpath"/>
            </classpath>
        </javac>
        <echo message=" --(4)--> Done"/>

    </target>

    <!-- all necessary operations to build the client (part 2) -->
    <target name="build-client" depends="sol-init_client">
        <!-- Create annotated classes from wadl from Neo4jXML -->
        <echo message=" --(client1 - 1)--> Generating annotated classes from the wadl of NffgService..."/>
        <wjc description="${WADL_NffgService}"
             package="it.polito.dp2.NFFG.sol3.client1.models.NffgService"
             autoSchemaPackage="false"
             target="${src.dir}">
            <customizations dir="." includes="binding.xjc"/>
            <produces dir="${src.dir}/it/polito/dp2/NFFG/sol3/client1/models/NffgService" includes="*.java"/>
            <depends dir="." includes="build.xml"/>
        </wjc>
        <echo message=" --(client1 - 1)--> Done"/>

        <!-- Build classes from java file -->
        <echo message=" --(client1 - 2)--> Building java classes from java code..."/>
        <javac debug="on"
               fork="true"
               destdir="${build.dir}"
               srcdir="${src.dir}"
               includeantruntime="false"
               source="${source}"
               target="${target}">
            <include name="${path.prefix_client1}/*.java"/>
            <include name="${path.prefix_client1}/models/NffgService/*.java"/>
            <classpath>
                <path refid="classpath"/>
            </classpath>
        </javac>
        <echo message=" --(client1 - 2)--> Done"/>

        <!-- Create annotated classes from wadl from Neo4jXML -->
        <echo message=" --(client2 - 1)--> Generating annotated classes from the wadl of NffgService..."/>
        <wjc description="${WADL_NffgService}"
             package="it.polito.dp2.NFFG.sol3.client2.models.NffgService"
             autoSchemaPackage="false"
             target="${src.dir}">
            <customizations dir="." includes="binding.xjc"/>
            <produces dir="${src.dir}/it/polito/dp2/NFFG/sol3/client2/models/NffgService" includes="*.java"/>
            <depends dir="." includes="build.xml"/>
        </wjc>
        <echo message=" --(client2 - 1)--> Done"/>

        <!-- Build classes from java file -->
        <echo message=" --(client2 - 2)--> Building java classes from java code..."/>
        <javac debug="on"
               fork="true"
               destdir="${build.dir}"
               srcdir="${src.dir}"
               includeantruntime="false"
               source="${source}"
               target="${target}">
            <include name="${path.prefix_client2}/*.java"/>
            <include name="${path.prefix_client2}/models/NffgService/*.java"/>
            <classpath>
                <path refid="classpath"/>
            </classpath>
        </javac>
        <echo message=" --(client2 - 2)--> Done"/>

    </target>

    <!-- my clean -->
    <target name="sol-clean_service">
        <delete dir="src/it/polito/dp2/NFFG/sol3/service/models"/>
    </target>

    <target name="sol-clean_client">
        <delete dir="src/it/polito/dp2/NFFG/sol3/client1/models"/>
        <delete dir="src/it/polito/dp2/NFFG/sol3/client2/models"/>
    </target>

</project>