<FLPolicies xmlns="https://france193.wordpress.com">

    <!-- seed: 1172844-->

    <FLPolicy name="Policy12" nffgName="Nffg2" isPositive="false" source_node="5042" destination_node="5043"/>
    <FLPolicy name="Policy11" nffgName="Nffg2" isPositive="true" source_node="5042" destination_node="5043">
        <FLV_result policyName="Policy11" result="false" time="2016-09-27T10:34:20.000+02:00"
                    message="Policy verification result not true"/>
    </FLPolicy>
    <FLPolicy name="Policy33" nffgName="Nffg2" isPositive="true" source_node="5033" destination_node="5038"/>
    <FLPolicy name="Policy10" nffgName="Nffg1" isPositive="true" source_node="5064" destination_node="5062">
        <FLV_result policyName="Policy10" result="true" time="2016-09-25T16:08:20.000+02:00"
                    message="Policy verificarion result true"/>
        <FLTraversal_requested_node functional_type="CACHE"/>
        <FLTraversal_requested_node functional_type="NAT"/>
        <FLTraversal_requested_node functional_type="SPAM"/>
    </FLPolicy>
    <FLPolicy name="Policy32" nffgName="Nffg2" isPositive="false" source_node="5035" destination_node="5044">
        <FLTraversal_requested_node functional_type="SPAM"/>
        <FLTraversal_requested_node functional_type="VPN"/>
        <FLTraversal_requested_node functional_type="WEB_SERVER"/>
    </FLPolicy>
    <FLPolicy name="Policy31" nffgName="Nffg2" isPositive="true" source_node="5035" destination_node="5042">
        <FLTraversal_requested_node functional_type="VPN"/>
    </FLPolicy>
    <FLPolicy name="Policy16" nffgName="Nffg2" isPositive="true" source_node="5038" destination_node="5041">
        <FLV_result policyName="Policy16" result="true" time="2016-09-27T12:12:20.000+02:00"
                    message="Policy verificarion result true"/>
    </FLPolicy>
    <FLPolicy name="Policy15" nffgName="Nffg2" isPositive="true" source_node="5042" destination_node="5043">
        <FLV_result policyName="Policy15" result="true" time="2016-09-27T05:27:20.000+02:00"
                    message="Policy verificarion result true"/>
    </FLPolicy>
    <FLPolicy name="Policy14" nffgName="Nffg2" isPositive="true" source_node="5042" destination_node="5035">
        <FLTraversal_requested_node functional_type="VPN"/>
    </FLPolicy>
    <FLPolicy name="Policy13" nffgName="Nffg2" isPositive="false" source_node="5042" destination_node="5036">
        <FLV_result policyName="Policy13" result="false" time="2016-09-27T13:59:20.000+02:00"
                    message="Policy verification result not true"/>
    </FLPolicy>
    <FLPolicy name="Policy19" nffgName="Nffg2" isPositive="true" source_node="5038" destination_node="5039">
        <FLV_result policyName="Policy19" result="true" time="2016-09-27T04:50:20.000+02:00"
                    message="Policy verificarion result true"/>
    </FLPolicy>
    <FLPolicy name="Policy18" nffgName="Nffg2" isPositive="false" source_node="5038" destination_node="5039">
        <FLTraversal_requested_node functional_type="DPI"/>
        <FLTraversal_requested_node functional_type="MAIL_SERVER"/>
        <FLTraversal_requested_node functional_type="WEB_SERVER"/>
    </FLPolicy>
    <FLPolicy name="Policy17" nffgName="Nffg2" isPositive="false" source_node="5038" destination_node="5033">
        <FLV_result policyName="Policy17" result="true" time="2016-09-27T10:30:20.000+02:00"
                    message="Policy verificarion result true"/>
    </FLPolicy>
    <FLPolicy name="Policy9" nffgName="Nffg1" isPositive="false" source_node="5064" destination_node="5048">
        <FLV_result policyName="Policy9" result="true" time="2016-09-25T08:31:20.000+02:00"
                    message="Policy verificarion result true"/>
        <FLTraversal_requested_node functional_type="DPI"/>
    </FLPolicy>
    <FLPolicy name="Policy8" nffgName="Nffg1" isPositive="false" source_node="5064" destination_node="5047">
        <FLTraversal_requested_node functional_type="VPN"/>
        <FLTraversal_requested_node functional_type="WEB_CLIENT"/>
    </FLPolicy>
    <FLPolicy name="Policy7" nffgName="Nffg1" isPositive="false" source_node="5061" destination_node="5048"/>
    <FLPolicy name="Policy6" nffgName="Nffg0" isPositive="false" source_node="5077" destination_node="5075">
        <FLV_result policyName="Policy6" result="false" time="2016-09-26T02:47:20.000+02:00"
                    message="Policy verification result not true"/>
        <FLTraversal_requested_node functional_type="NAT"/>
        <FLTraversal_requested_node functional_type="DPI"/>
        <FLTraversal_requested_node functional_type="MAIL_SERVER"/>
    </FLPolicy>
    <FLPolicy name="Policy5" nffgName="Nffg0" isPositive="true" source_node="5076" destination_node="5075">
        <FLTraversal_requested_node functional_type="WEB_CLIENT"/>
    </FLPolicy>
    <FLPolicy name="Policy30" nffgName="Nffg2" isPositive="false" source_node="5043" destination_node="5042"/>
    <FLPolicy name="Policy4" nffgName="Nffg0" isPositive="false" source_node="5075" destination_node="5081"/>
    <FLPolicy name="Policy3" nffgName="Nffg0" isPositive="false" source_node="5075" destination_node="5076">
        <FLV_result policyName="Policy3" result="true" time="2016-09-26T09:33:20.000+02:00"
                    message="Policy verificarion result true"/>
        <FLTraversal_requested_node functional_type="WEB_CLIENT"/>
    </FLPolicy>
    <FLPolicy name="Policy2" nffgName="Nffg0" isPositive="true" source_node="5075" destination_node="5077">
        <FLTraversal_requested_node functional_type="NAT"/>
        <FLTraversal_requested_node functional_type="DPI"/>
        <FLTraversal_requested_node functional_type="MAIL_SERVER"/>
    </FLPolicy>
    <FLPolicy name="Policy1" nffgName="Nffg0" isPositive="false" source_node="5075" destination_node="5078"/>
    <FLPolicy name="Policy23" nffgName="Nffg2" isPositive="false" source_node="5044" destination_node="5039"/>
    <FLPolicy name="Policy0" nffgName="Nffg0" isPositive="true" source_node="5079" destination_node="5080"/>
    <FLPolicy name="Policy22" nffgName="Nffg2" isPositive="false" source_node="5044" destination_node="5033">
        <FLTraversal_requested_node functional_type="NAT"/>
    </FLPolicy>
    <FLPolicy name="Policy21" nffgName="Nffg2" isPositive="true" source_node="5038" destination_node="5039">
        <FLTraversal_requested_node functional_type="SPAM"/>
        <FLTraversal_requested_node functional_type="FW"/>
        <FLTraversal_requested_node functional_type="VPN"/>
    </FLPolicy>
    <FLPolicy name="Policy20" nffgName="Nffg2" isPositive="true" source_node="5038" destination_node="5043"/>
    <FLPolicy name="Policy27" nffgName="Nffg2" isPositive="true" source_node="5039" destination_node="5038">
        <FLV_result policyName="Policy27" result="false" time="2016-09-27T10:16:20.000+02:00"
                    message="Policy verification result not true"/>
        <FLTraversal_requested_node functional_type="SPAM"/>
        <FLTraversal_requested_node functional_type="FW"/>
        <FLTraversal_requested_node functional_type="VPN"/>
    </FLPolicy>
    <FLPolicy name="Policy26" nffgName="Nffg2" isPositive="true" source_node="5033" destination_node="5044">
        <FLTraversal_requested_node functional_type="NAT"/>
    </FLPolicy>
    <FLPolicy name="Policy25" nffgName="Nffg2" isPositive="false" source_node="5039" destination_node="5044"/>
    <FLPolicy name="Policy24" nffgName="Nffg2" isPositive="false" source_node="5044" destination_node="5035">
        <FLTraversal_requested_node functional_type="SPAM"/>
        <FLTraversal_requested_node functional_type="VPN"/>
        <FLTraversal_requested_node functional_type="WEB_SERVER"/>
    </FLPolicy>
    <FLPolicy name="Policy29" nffgName="Nffg2" isPositive="false" source_node="5041" destination_node="5038"/>
    <FLPolicy name="Policy28" nffgName="Nffg2" isPositive="false" source_node="5043" destination_node="5038"/>
</FLPolicies>